loss/dynamics_holdout_loss,loss/dynamics_train_loss,timestep
0.0113275135,-36.40520546812277,1
0.008196815,-48.296159800015964,2
0.0068931235,-52.08104480743408,3
